/*
SQLyog Community v13.1.6 (64 bit)
MySQL - 5.7.19-log : Database - db_wuye
*********************************************************************
*/

/*!40101 SET NAMES utf8 */;

/*!40101 SET SQL_MODE=''*/;

/*!40014 SET @OLD_UNIQUE_CHECKS=@@UNIQUE_CHECKS, UNIQUE_CHECKS=0 */;
/*!40014 SET @OLD_FOREIGN_KEY_CHECKS=@@FOREIGN_KEY_CHECKS, FOREIGN_KEY_CHECKS=0 */;
/*!40101 SET @OLD_SQL_MODE=@@SQL_MODE, SQL_MODE='NO_AUTO_VALUE_ON_ZERO' */;
/*!40111 SET @OLD_SQL_NOTES=@@SQL_NOTES, SQL_NOTES=0 */;
CREATE DATABASE /*!32312 IF NOT EXISTS*/`db_wuye` /*!40100 DEFAULT CHARACTER SET utf8 */;

USE `db_wuye`;

/*Data for the table `admin` */

insert  into `admin`(`adminid`,`username`,`password`,`realname`,`contact`,`addtime`) values 
('A20241111232559553','admin','admin','果修军','12345678','2024-11-11');

/*Data for the table `article` */

insert  into `article`(`articleid`,`title`,`bannerid`,`image`,`istop`,`isflv`,`contents`,`addtime`,`hits`) values 
('A20220210225418232','社区物业管理能力提升工作现场会召开','B20220210225333265','20220818084641.jpg','是','是','党建物业联建，用心打造“红色物业”，解锁服务居民的“金钥匙”，激活社区基层治理的“神经末梢”。17日，社区物业管理能力提升工作现场会在长治市召开。\n\n　　据悉，省委抓党建促基层治理能力提升专项行动开展以来，长治市在推进社区物业管理能力提升方面，坚持党建引领、党建联建，探索形成了以物业行业党委为主导、以社区党委为核心、以“网格党支部+物管会(业委会)+物业企业”为主体、以“五方协商议事”为平台、以“1+N”捆绑模式为载体的物业管理服务新模式，破解了老旧小区“事务无人管、企业不想干、百姓不满意”等难题，打通了基层治理“最后一公里”。\n\n　　会议要求，各市要以超常之力、非常之举，推动全省物业服务企业和物管会(业委会)实现党的组织和工作全覆盖，持续扩大市场化物业服务覆盖面，确保入住率达到50%的住宅小区物管会(业委会)组建率达到100%。\n\n　　山西省委抓党建促基层治理能力提升专项行动第八督导组组长、山西省住建厅党组成员、副厅长卫再学，长治市委常委、组织部部长杨保春，长治副市长贺鑫，山西省委组织部、省委抓党建促基层治理能力提升专项行动第八督导组、山西省社区物业能力提升工作专班及课题调研组、各市住建局(房管局)等相关负责人参加会议。\n\n　　会上，长治市潞州区、晋城市城区、山西鑫浩鹰物业管理有限公司负责人分别作交流发言。\n\n　　会前，与会人员深入长治市潞州区物业管理服务中心、英华小区、紫东公路小区、御林家园小区、东方世家小区等地进行了实地观摩。','2022-11-04',4),
('A20220320235332507','全国百个 “加强物业管理 共建美好家园”典型','B20220210225333265','20220320235330.jpeg','是','是','日前，住房和城乡建设部办公厅、中央文明办秘书局公布了100个“加强物业管理 共建美好家园”典型案例，呼和浩特市赛罕区塞尚公馆三四期小区、包头市东河区北梁新区北二区小区、包头市青山区锦林花园小区榜上有名。\n\n　　据了解，为挖掘典型经验做法，推进物业管理行业转型升级，营造共建美好家园的浓厚氛围，2021年，住房和城乡建设部在全国范围内组织开展“加强物业管理 共建美好家园”活动。活动要求参评小区达到8个方面的指标要求，即：小区党组织健全；小区成立业主大会并运行良好；小区建立社区居民委员会、业主委员会、物业服务企业等多方参与的协调运行机制；物业管理相关部门职责明确；小区实施专业化物业管理，物业服务企业近1年无行政处罚记录；小区环境整洁；小区物业费收取规范；小区业主对物业管理满意度高，满意度位于全市前5%（或者小区物业管理投诉率位于全市后5%）。\n\n　　据悉，按照上述标准，住房和城乡建设部确定了63个重点城市，并从省级住房和城乡建设部门推荐的项目中选树了100个“美好家园”项目。','2022-11-04',4),
('A20241110193123702','撕名牌','B20241110193032646','','否','否','开心','2024-11-10',1),
('A20241120173822348','关于普通住宅前期物业服务收费标准实行指导价的通知.','B20241120173635126','20241120173801.jpg','是','是','一、普通住宅前期物业服务收费标准实行政府指导价。普通住宅物业指普通商品住房，区别于别墅等高档住宅物业。住宅前期物业服务指业主、业主大会选聘物业服务企业前，由开发建设单位选聘物业服务人为住宅项目提供的物业服务。普通住宅前期物业服务阶段终止后，物业服务收费标准实行市场调节价。\n\n二、按照《吉林省普通住宅物业服务规范》规定，我市普通住宅前期物业服务收费标准政府指导价分为五个等级，各等级基准价分别为（含电梯运行维护费）：\n\n一级：2.36元/平方米月\n\n二级：1.89元/平方米月\n\n三级：1.69元/平方米月\n\n四级：1.34元/平方米月\n\n五级：1.14元/平方米月\n\n具体收费标准可在各等级基准价基础上浮动，其中一级、二级上浮最高不超过20%，三级、四级、五级上浮最高不超过10%，各等级下浮不限。\n\n无电梯普通住宅，物业服务收费标准应扣除电梯运行维护费0.20-0.30元/平方米月。\n\n三、新建的普通住宅，开发建设单位通过招投标选聘物业服务人时，应当按照政府指导价规定和质价相符的原则，确定前期物业服务的具体收费标准，并在前期物业服务合同中予以明确，到市发改委及所在地街道办事处、乡镇人民政府备案。\n\n四、建设单位应当将前期物业服务人名称、物业服务内容、物业服务收费标准、物业服务合同期限、临时管理规约等内容在销售现场公开公示，并在与物业买受人签订商品房买卖合同时，将前期物业服务合同和临时管理规约作为商品房买卖合同附件。\n\n五、本《通知》适用于长春市城区、开发区（不含九台区、双阳区），有关规定根据经济社会发展和物业服务成本变化情况适时调整。\n\n六、本《通知》执行之日前，开发建设单位与物业服务人已签订前期物业服务合同的普通住宅，物业服务等级及其收费标准等仍按原合同约定执行。\n我市普通住宅前期物业服务收费标准政府指导价由市发改委负责解释；物业服务等级、服务内容由市房管局负责解释；物业服务收费相关违法违规行为由市市场监管局依法查处。','2024-11-20',2),
('A20241120173912314','住建局举办全县物业管理工作业务知识培训！','B20241120173649714','20241120173848.jpg','是','是','本次培训主要围绕国家、省、市、县有关物业管理法律法规、政策规定等相关文件进行系统的学习辅导，就《民法典》的物业服务和《业主大会和业主委员会》等方面内容邀请物业管理专家进行专题授课，对下一步物业管理工作的开展进行了安排部署。\n\n会议指出，物业管理行业关系到社会安宁与稳定，涉及到千家万户的生活、生产秩序，全县物业管理工作相对起步晚、基础比较薄弱，各级各部门要切实重视起来，增强物业管理工作的责任感，不断提升物业管理服务质量，使物业管理工作走向专业化、社会化、市场化。\n\n会议强调，各级各部门一是要率先垂范，进一步夯实职能落实，推动协同管理；二是要加强物业管理市场的培育，促进市场化发展；三是要引进竞争机制，促进市场竞争机制形成；四是要加强物管企业员工培训，全面提高从业人员素质，五是要奉行“以人为本”的服务理念，不断提升管理服务的质量。全县物业管理行业要以此次培训为契机，明确责任主体，各负其责、齐抓共管，使全县物业管理工作迈向新台阶。\n\n物业服务求实效，建智慧管理平台促发展\n社\n8月11日，山东省住房和城乡建设厅联合齐鲁晚报·齐鲁壹点推出的塑优势、创品牌——“齐鲁红色物业”建设调研活动第三站走进泰安。泰安鸿瑞物业管理有限责任公司见证了泰山区“红色物业”建设的起步，较早成立了党支部。这家公司服务的新建小区项目多个存在开发商遗留问题，在这样一个艰难的赛道上，这家公司以担当和服务赢得了市场。\n\n\n泰安市泰山区志高国际小区鸿瑞物业工作人员为业主普及垃圾分类知识。\n\n3年前，泰山区“红色物业”党建工作现场推进会在泰安鸿瑞物业管理有限责任公司召开，鸿瑞物业见证了泰山区“红色物业”建设的起步。这个服务面积超过100万平方米的物业企业，在2019年成立了党支部，还牵头成立了泰山区岱庙街道“红色物业联盟”。\n\n公司把基层党建工作与物业服务有机整合，以党建引领、创新服务为宗旨，组织成立了“鸿毛”志愿服务小组、设立了党员活动室、党员先锋岗等服务平台，强化业主党员的桥梁作用，把物业服务打造成基层党组织联系服务群众的工作纽带，真正做到“民有所呼、我有所应”,业主满意感、幸福感、安全感显著提升。\n\n这家物业公司虽然服务的项目多是新建小区，但却选择了新建小区中最艰难的赛道。公司入驻的志高国际小区、山景叠院小区，虽然业主们已收房，但开发商遗留问题多，有的交房时小区道路、燃气、绿化等还未完全建成，业主与开发商还有维修资金和装修押金等问题未解决，小区暂时没有可使用的维修资金。\n\n“我们从微薄的利润中拨款垫资解决了小区的一些老大难问题。”鸿瑞物业党支部书记、总经理冯兆平说，几年来，公司为解决小区问题累计垫资120万元。其中，为整修拓宽志高国际小区消防通道路面，解决消防通道狭窄的安全隐患，公司垫资了33万余元；此外，该公司还垫资62万余元对山景叠院小区地下车库进行防水施工、环氧地坪漆改造；垫资40余万元为三个小区规划建成电动车可充电车棚800多平方米，改造建成棚式垃圾存放站两个。\n','2024-11-20',0),
('A20241120173957612','街道“三管齐下”提升物业管理水平','B20241120173700107','20241120173945.jpg','是','是','高标准落实《北京市物业管理条例》，提升地区各物业小区的宜居指数，东城区体育馆路街道紧盯物业服务企业这个关键主体，坚持“党建引领+制度保障+文化支撑”三管齐下，持续抓好物业管理这个“关键小事”，不断提升物业企业的服务水平。\n\n以党建为引领，用“红色物业”点亮幸福生活。注重发挥党建协调委员会的作用，由社区党委、业委会（物管会）、居民代表和物业公司一道，定期召开会议，并研究解决了居民反映集中的物业不作为、堆物堆料、房屋漏雨、停车管理等物业管理突出问题。注重发挥党组织在物业服务项目上的堡垒作用。如法华南里小区党支部引导全体党员主动作为，践行初心使命、强化责任担当，带头参加桶站值守，发挥榜样作用，当好垃圾分类工作的宣传员、指导员、监督员，形成“党员示范先行，带动全员参与”的良好局面。\n\n以制度为保障，用专业服务彰显物业担当。结合“一条热线、两件小事”工作情况、居民满意度和社区评价情况，逐步建立完善物业企业的考核评价制度。街道、社区严格落实物业项目负责人到居委会报到制度，并做好物业服务企业的管理规范工作，开展物业服务合同的登记备案，指导物业企业参与社区治理工作。指导物业企业解决好树枝修建、车棚乱停、墙体开裂等问题，一件件一桩桩地把问题矛盾化解在基层一线，用专业化、规范化服务不断提升群众的获得感。\n\n以文化为支撑，用雷锋精神滋养服务意识。为更好地在物业企业弘扬并传承雷锋精神，强化物业企业文化建设，引导物业公司员工将雷锋精神蕴含的服务奉献意识内化于心、外化于行，3月11日，街道组织地区物业企业员工参观“弘扬雷锋精神、传承精神谱系、引领社区治理”雷锋资料展巡展，地区20余家物业公司的80余名工作人员参加活动。参观雷锋展后，大家纷纷表示要在服务业主的实际工作中发扬雷锋精神，用优质的服务打造好企业品牌，切实提升小区物业管理水平。','2024-11-20',0);

/*Data for the table `banner` */

insert  into `banner`(`bannerid`,`bannername`,`addtime`,`memo`) values 
('B20241120173635126','收费规则','2024-11-20','收费规则'),
('B20241120173649714','社区规划','2024-11-20','社区规划'),
('B20241120173700107','服务新闻','2024-11-20','服务新闻');

/*Data for the table `builds` */

insert  into `builds`(`buildsid`,`buildsname`,`address`,`num`,`floor`,`manager`,`contact`,`memo`) values 
('B20220210225222348','1号楼','小区东北','3','28','黎芸贵','13555555555','无'),
('B20220210225246187','2号楼','小区西北','3','22','赖英贤','13999999999','无'),
('B20220211161042747','3号楼','小区东南','3','24','林志嘉','13444444444','无'),
('B20241113204358657','4号楼','小区西北','4','22','李撒旦','18623345632','无');

/*Data for the table `cate` */

insert  into `cate`(`cateid`,`catename`,`addtime`,`memo`) values 
('C20241120174146387','燃气费','2024-11-20','燃气费'),
('C20241120174200766','卫生费','2024-11-20','卫生费'),
('C20241120174210944','电费','2024-11-20','电费'),
('C20241120174222668','物业费','2024-11-20','物业费');

/*Data for the table `charge` */

insert  into `charge`(`chargeid`,`cno`,`buildsid`,`usersid`,`cateid`,`total`,`addtime`,`status`,`memo`) values 
('C20220211000155147','C20220211000145','B20220210225222348','U20220210225315590','C20220211000137794','75','2022-11-04','已缴费','无'),
('C20220211000206496','C20220211000156','B20220210225222348','U20220210225315590','C20220211000131849','3500','2022-11-04','已缴费','无'),
('C20220211161354786','C20220211161342','B20220211161042747','U20220211161117568','C20220211161331614','45','2022-11-04','已缴费','无'),
('C20220211161403536','C20220211161355','B20220211161042747','U20220211161117568','C20220211161321557','28','2022-11-04','已缴费','无'),
('C20241113204640554','C20241113204619','B20241113204358657','U20220210225315590','C20220211161331614','222','2024-11-13','欠费',''),
('C20241120174533676','C20241120174510','B20220210225222348','U20241120172817375','C20241120174222668','23','2024-11-20','欠费','无'),
('C20241120174719248','C20241120174659','B20241113204358657','U20241120173153869','C20241120174210944','33','2024-11-20','欠费','无'),
('C20241120174742512','C20241120174725','B20220211161042747','U20241120173055463','C20241120174146387','32','2024-11-20','已缴费','无'),
('C20241120174814829','C20241120174754','B20220210225246187','U20241120173008689','C20241120174200766','23','2024-11-20','已缴费','无');

/*Data for the table `complains` */

insert  into `complains`(`complainsid`,`usersid`,`title`,`contents`,`addtime`,`status`,`reps`) values 
('C20220211135532329','U20220210225315590','感谢平台，非常方便。','感谢平台，非常方便。','2022-11-04','已回复','加油。'),
('C20220211161543378','U20220211161117568','希望物业可以多组织活动。','希望物业可以多组织活动。','2022-11-04','已回复','收到。'),
('C20220818151145692','U20220211161117568','单元楼道的卫生可以多打扫，有点脏。','单元楼道的卫生可以多打扫，有点脏。','2022-11-18','已回复',' ok'),
('C20241109183034468','U20220210225315590','垃圾桶','垃圾桶少','2024-11-09','已回复',' 了解'),
('C20241120174450105','U20241120173008689','垃圾桶','垃圾桶损坏，换一个','2024-11-20','未回复',' '),
('C20241120175120853','U20241120173008689','门','不结实','2024-11-20','未回复',' ');

/*Data for the table `parks` */

insert  into `parks`(`parksid`,`pno`,`address`,`square`,`status`,`usersid`,`memo`) values 
('P20220818150452271','P104','东南角','20平米','使用','U20241120173008689','无'),
('P20241109183233482','p204','东南角','25平','使用','U20241120173153869','无'),
('P20241120174050212','p111','东南角','25平','空闲','','无'),
('P20241120174125300','p666','西北角','25平','空闲','','无');

/*Data for the table `repair` */

insert  into `repair`(`repairid`,`rno`,`usersid`,`reason`,`contents`,`addtime`,`status`,`employ`,`memo`) values 
('R20220211123746225','R20220211123742','U20220210225315590','照明灯坏了','照明灯坏了','2022-11-04','确认维修','陈秀德','更换灯泡'),
('R20220211161512555','R20220211161506','U20220211161117568','下水管漏水','下水管漏水','2022-11-04','确认维修','戎郁文','更换配件'),
('R20220818150817270','R20220818150752','U20220211161117568','楼梯间的灯坏了','楼梯间的灯坏了，好几天了','2022-11-18','确认维修','22','22'),
('R20241109184001480','R20241109183925','U20220210225315590','垃圾桶按钮坏了','打不开','2024-11-09','待维修','',''),
('R20241113214844343','R20241113214836','U20220210225315590','垃圾桶按钮坏了111','垃圾桶少','2024-11-13','待维修','',''),
('R20241120174422564','R20241120174358','U20241120173008689','垃圾桶损坏','垃圾桶损坏','2024-11-20','确认维修','赵四','无'),
('R20241120175038381','R20241120174956','U20241120173008689','门打不开','钥匙折里了','2024-11-20','待维修','','');

/*Data for the table `users` */

insert  into `users`(`usersid`,`username`,`password`,`realname`,`sex`,`birthday`,`buildsid`,`address`,`contact`,`addtime`,`memo`) values 
('U20241120172817375','wem','123456','王二麻','男','1994-11-16','B20220210225222348','1-111','18345563242','2024-11-20','无'),
('U20241120173008689','lisi','123456','李四','男','2001-11-20','B20220210225246187','1-123','13187735393','2024-11-20','无'),
('U20241120173055463','zhangsan','123456','张三','男','1998-01-01','B20220211161042747','1-112','19345567843','2024-11-20','无'),
('U20241120173153869','wangwu','123456','王五','女','1979-09-06','B20241113204358657','1-211','15387763459','2024-11-20','无');

/*!40101 SET SQL_MODE=@OLD_SQL_MODE */;
/*!40014 SET FOREIGN_KEY_CHECKS=@OLD_FOREIGN_KEY_CHECKS */;
/*!40014 SET UNIQUE_CHECKS=@OLD_UNIQUE_CHECKS */;
/*!40111 SET SQL_NOTES=@OLD_SQL_NOTES */;
